{"cameraMode":{"drawMode":0,"name":"Shaded","section":"Shading Mode"},"sceneLighting":true,"audioPlay":false,"sceneViewState":{"showFog":true,"showMaterialUpdate":false,"showSkybox":true,"showFlares":true,"showImageEffects":true,"showParticleSystems":true},"in2DMode":false,"pivot":{"x":1.1888532638549805,"y":-0.37855952978134158,"z":1.208472728729248},"rotation":{"x":-0.16446331143379212,"y":-0.03343429043889046,"z":0.0055779097601771359,"w":-0.9858009219169617},"size":13.738834381103516,"orthographic":false}