{"cameraMode":{"drawMode":0,"name":"Shaded","section":"Shading Mode"},"sceneLighting":true,"audioPlay":false,"sceneViewState":{"showFog":true,"showMaterialUpdate":true,"showSkybox":true,"showFlares":true,"showImageEffects":true,"showParticleSystems":true},"in2DMode":false,"pivot":{"x":3.1140761375427248,"y":4.516189098358154,"z":-4.770637035369873},"rotation":{"x":-0.05577603727579117,"y":0.017071856185793878,"z":-0.000927116081584245,"w":-0.9983331561088562},"size":0.41540229320526125,"orthographic":false}